公交 公交站点一览表|||||||
"线路
名称"|起点名称|讫点名称|起点时间||讫点时间||途经站点
|||首班|末班|首班|末班|
1|淮西客运站|徐州站|5:05|0:00|5:33|0:25|市中级法院,公交修造厂,段南新村,段庄,矿务局华美商厦,工人医院,市二院,浦发银行,供销大厦,万虹桥电子市场（文化宫）
2|徐州站（环线）|徐州站（环线）|5:50|20:00|||天桥，上海路局徐州办事处，妇幼保健院，师大北门，中医院，中山饭店，市交通银行，中央百大，市一院，北路口，火车西站，坝子街，市三院，烟厂
4|新一佳淮西店|新河矿|6:00|18:50|6:26|19:18|段庄,市六院,徐医附院西院，公交修造厂,淮西客运站,矿山医院,卧牛,马山村,路窝，北望,新河路口
5|文化宫|翡翠城|6:35|18:36|6:00|18:00|青年路口,宣武市场,天桥东,王杰部队，九七医院，铜山路口（路西，单），黄山干休所，金狮小区,民富园路口,郭庄路口,机场路口,汽配城,汽车南站东门,淮海文博园（食品城）,徐州中专,御景湾小区，东南郡
6|文化宫|徐矿城小区|6:10|19:00|6:15|18:30|市一院 （路东，单）,金地商都（路西，单 ）,北路口 ,后勤学院, 九龙湖公园 ,空军学院北,诚坤钢材市场, 金色阳光小区,徐州植物园,豪绅嘉苑, 三新庄 ,工业技术学院东门,江山,李屯
7|徐州中轻海鸥|彭城饭店（银座）|6:00|19:00|6:30|19:30|氯碱集团,北站货场,红星美凯龙,淮东家具城,八里屯,钟山机动车检测中心，王场新村，王场新村北门,电力医院,堤北农贸市场,堤北,爱牙医院（市三院）,民主路小学,兴隆国际大酒店,青年路小学（单）
8|夹河高中（大彭镇）|宣武市场|6:15|18:40|6:20|18:40|"
大彭医院，霸王山水泥厂,十八屯,徐州诚远眼耳鼻喉医院,雨润新城,火花农贸市场,生物工程学院北门,奎山散热器公司,徐医附院华丰分院,出入境办理中心,小康人家,段南新村,市六院,段庄,矿务局华美商厦,矿务局南,余窑,电视塔,云龙公园西门,云龙公园南门,师大北门,妇幼保健院,袁桥（路西，单）,宣武市场（丰储街，路西，单），恩华大厦（路西，单），宣武市场（建国东路）
"
9|王庄矿|滨湖公园东门|7:15|16:30|6:30|17:30|吴屯,新台子,李沃, 李沃医院, 铝厂,金马路路口, 荆南小区 ,华厦集团,马场村,鼓楼区政府,后勤学院, 北路口, 市一院,市交通银行,中山饭店,中医院,云龙山
10|徐州东站|文化宫|6:10|23:10|5:45|21:20|徐州东站北,金色年华，科技大厦,君廷湖畔,宗申产业园,医学院,东方人民医院,东甸子,城建家园,小坝山,九七医院,王杰部队,天桥东,徐州站（蓝天），百惠家美时（路北，单）
11|铜山新区总站|徐州站|5:40|22:00|5:45|22:40|铜山广电局,铜山区政府,铜山交通局,郑集中学城区分校,铜山二堡,铜山交警队,港鑫城,盛世佳苑,职教中心,欣欣路口,翟山市场,翟山,矿业大学,侯山窝,奎园西门,纪念塔,市四院,和平路,师大北门,中医院,中山饭店,中央百大,供销大厦,万虹桥电子市场（文化宫）
12|云龙公园南门|淮海水泥厂|5:40|18:00|6:30|18:50|中医院,中山饭店,市交通银行,中央百大,市一院,北路口,后勤学院,港南小区,建材中专,地质五队宿舍,堤北农贸市场,电力医院,王场新村北门,钟山机动车检测中心,八里屯,淮东家具城,华隆家具城,氯碱集团,港务局,刘湾,焦化厂,任庄,茅村计生办,茅村乡政府,茅村医院,茅村中学,新桥,茅村高中,老桥,徐州电厂,新华电厂,檀山
13|徐州站|唐沟（四方建材城）|5:45|20:30|5:40|19:30|万虹桥电子市场（文化宫）,浦发银行,市二院,工人医院口腔医院,儿童医院,合群新村,沈场市场,水漫桥,西苑东口,西苑小区,民乐园,铜山货场（路东，单）,格瑞实业公司,苏山头,九里山建材装饰城,九里山西路口,孤山村,新庞庄,拾屯,庞庄矿,矿医院
15|新一佳淮西店|义安矿|6:00|18:20|6:35|18:57|段庄，市六院，公交修造厂，淮西客运站，矿山医院，生物工程学院，火花农贸市场,雨润新城,徐州诚远眼耳鼻喉医院,种子站,田巷,马林,周棚,半步店,小山子,祁村，义安村
16|徐州站|大黄山|6:30|18:40|6:00|18:00|徐州站（朝阳），四道街,地下道，大庆路,响山路东,桃园路口,仁慈医院,旺旺家园,蟠桃花园,万豪绿城,波司登,中能协鑫,杨台路口,供电站,恒久集团,大黄山乡政府,前王村,大黄山卫生院
17|文化宫|省煤四处|6:10|18:20|6:20|18:00|市一院,夹河街东口,第一中学,事业小区,黄河新村,合群桥,合群新村,沈场市场,华润小区,豪绅佳苑,三新庄,机修厂,四处西院
18|湖滨新村西|尚仕名邸|5:50|19:40|5:50|19:40|"湖滨新村,湖滨路口,段庄,煤建西路,矿务局南,永安广场,市二院南（财苑小区）,解放桥,中国人寿北,宣武市场,天桥东,王杰部队,九七医院,铜山路口（路西，单）,黄山干休所（路东，单），黄山市场,黄山新村,黄山新村东，民祥园路,庆丰路，云龙区政府（路北，单）
"
18路夜班|湖滨新村西|尚仕名邸|19:50|21:30|19:50|21:30|湖滨新村，湖滨路口，建国路西口，大福源超市，工院永安校区，永安广场，市二院南（财苑小区），解放桥，中国人寿北，宣武市场，徐州站（蓝天），天桥东，王杰部队，九七医院，铜山路口（路西，单），黄山干休所（路东，单），黄山市场，黄山新村，黄山新村东，民祥园路，庆丰路，云龙区政府（路北，单）
19|铜山新区总站|徐州站|5:40|19:10|6:15|19:50|海宁皮草城,铜山区政府,铜山区教育局,康乐园,铜山中医院,新区国税局,新区邮电局,师范学校,师大新校,建筑学院（上海路口）,铜山中学,翟山市场,翟山,矿业大学,侯山窝,奎园西门,纪念塔,市四院,和平路 ,戏马台,中国人寿,民主南路,万虹桥电子市场（文化宫）
20|徐州站|风华园|6:00|19:20|6:00|19:00|万虹桥电子市场（文化宫）,公园巷小学,中国人寿,戏马台,和平路,市四院,纪念塔,奎园北门,农副产品市场,陶瓷市场,汽车南站,淮海文博园（食品城）,御景湾小区,工院新校,工程学院，矿大南门,翟山
21|文化宫|夹河矿|6:00|18:20|6:20|18:30|市一院 (路东，单),金地商都（路西，单）,庆云桥 ,江苏四监,永业花园小区 ,畔苑小区北,二十二中学 ,沈场,豪绅嘉苑,九里景秀 ,一中分校,工业技术学院西门，大孤山，新庞庄， 新建社区,七里河 ,十台子,东宫房
22|云龙公园南门|汉王公墓|6:30|11:00|7:00|11:30|滨湖公园东门，金山公园，金山村，茶棚，张伯英纪念馆，矿大南湖校区，国基城邦，徐林，桥上
贾1路|贾汪老站|机电高职校|6:30|18:00|7:30|18:30|乐尚新天地，矿二院，龙山汉景园大酒店，贾汪欧蓓莎，夏桥义乌小商品城，夏桥医院，新夏路口，世纪明珠，泉西村（菜市场），新工区，泉东村，徐州七中，师大贾汪分校
25|贾汪客运站|徐州站|5:00|20:00|5:00|21:30|贾汪客运站，贾汪烟草公司，贾汪电影院，贾汪二院，东方宾馆，贾汪电业局，北宿舍，老东门，夏桥，新夏路口，东方热电厂，贾汪工业园，韩场，鹿庄，韩园，蔡庄，老大吴，建平，新大吴，解台（招呼站），虎山，大黄山矿一院，大黄山圆盘道，工人村，清洁产业园，欧蓓莎，君廷湖畔，医学院，东甸子，九七医院（单）
25区间|贾汪客运站|大吴站|6:10|18:20|6:10|18:20|宏安路口，老公交站，乐尚新天地，矿二院，龙山汉景园大酒店，贾汪欧蓓莎，夏桥义乌小商品城，夏桥医院，新夏路口，贾汪汽配城，小南湖，工业园，风机厂，段庄，鹿庄，两妥（招手站），韩园，蔡庄，老大吴，建平
26|江苏安全技术职业学院|徐州站|6:30|19:00|5:30|17:40|师大贾汪分校，七中路口，泉东村，新工区，泉西村，新夏路口，东方热电厂，贾汪工业园，韩场，鹿庄，韩园，蔡庄，老大吴，建平，新大吴，解台（招呼站），虎山，大黄山矿一院，大黄山圆盘道，工人村，清洁产业园，徐州东站，科技大厦，医学院，东甸子，九七医院（单）
28|贾汪老站|利国|6:00|18:00|6:00|18:30|烟草公司，汉都华庭，大李庄，中联水泥，小杏窝，大杏窝，关口，赵桥，江庄，铙钹，黄山，水泥二厂，马鞍桥头，龙山水泥厂，伟天化工，东兴焦化，万庄路口，万庄，祁庄，马园，郝家，蔡庄
31|新一佳淮西店|马庄矿|6:00|18:00|6:35|18:40|段庄,市六院,徐医附院西院，公交修造厂,淮西客运站,矿山医院,杏山花园,屯里,南望,汉王,纪庄,虎腰,白头
32|徐州东站|彭城饭店（银座）|5:45|19:00|6:30|19:40|美的城,科技大厦南门，和平路东口,云龙区政府,庆丰路,绿地世纪城,铁路民祥园,民祥园,民富园北门,金狮小区,袁桥(民主南路),恩华大厦,中国人寿北,中央百大（路东 单）
33|刘湾机电市场|彭城饭店（银座）|6:00|19:00|6:30|19:40|刘湾村南,桃山路口，螺山路口，荆山路口，淮海蔬菜市场（路东，单），基桩公司 , 二十四中, 杨庄,杨庄农贸市场,广山路北口,二九宿舍,下淀瑞博医院,下淀桥西 ,堤北市场,地质五队宿舍,建材中专,港南小区,后勤学院,北路口,金地商都,中央百大(路东，单) 
34|韩山村南|红星美凯龙|5:50|19:00|6:30|19:45|滨湖花园,湖滨市场,金府家园,体育中心,滨湖公园北门,泉山医院,银湖小区东,云龙医院西门,电视塔,工商局,市二院西门,夹河街西口,第一中学,夹河街东口,北路口,后勤学院,鼓楼区政府,马场村,祥和小区,祥和路东,王场新村北,王场新村,钟山机动车检测中心,八里屯,淮东家具城,华隆家具城
35|淮西客运站|风华园|5:50|19:00|6:10|19:40|市中级法院,公交修造厂,徐医附院西院,段南新村,段庄,矿务局华美商厦,工人医院,市二院西门,工商局,云龙公园北门,海云大厦,中医院,云龙山东,积翠新村,市四院,纪念塔,奎园西门,侯山窝,矿业大学
36|建筑学院|八里建材家居中心|"夏5:50
冬5:50"|夏19:40冬19:10|"夏6:00
冬6:00"|"夏19:40
冬19:10"|建筑学院（上海路口），铜山中学,翟山市场,翟山,矿业大学,侯山窝,奎园西门,奎园北门,汉桥,徐医附三院,上海路局徐州办事处,天桥,徐州站（蓝天）,徐州站（朝阳）,四道街,新建北村,二环北路,王场新村东门,钟山机动车检测中心,八里屯,淮东家具城,华隆家具城
37|聋哑学校|彭城饭店（银座）|6:20|19:15|6:00|19:00|西游记宫,龟山汉墓,九里街道办事处,工业学院西门,一中分校,汉城，汉城路口,苏山头,格瑞实业公司,铜山货场（路东，单）,西苑西口,西苑小区,西苑东口,水漫桥,沈场市场,合群新村,合群桥,黄河新村,事业小区,市二院,浦发银行，彭城饭店（银座），中央百大（路东，单）
38|西苑小区（环线）|西苑小区（环线）|6:00|19:30|||民乐园，西苑小区，西苑东口,水漫桥,沈场市场,合群新村,合群桥,黄河新村,北关游泳池,庆云桥,金地商都,中央百大,中山饭店,中医院,云龙山,云龙山隧道,泉山医院,滨湖公园北门,体育中心,纺南小区,湖滨路口,段庄广场,物园小区,疾控中心,水漫桥,西苑东口，西苑小区，民乐园
38路夜班（南行）|西苑小区（环线）|西苑小区（环线）|19:40|22:00|||民乐园，西苑小区，西苑东口，民安园，矿山加油站，段庄广场，湖滨路口，纺南小区，体育中心，滨湖公园北门，泉山医院，云龙山隧道，云龙山，中医院，中山饭店，中央百大，金地商都，庆云桥，北关游泳池，黄河新村，合群桥，合群新村，沈场市场，水漫桥，西苑东口，西苑小区，民乐园
38路夜班（东行）|西苑小区（环线）|西苑小区（环线）|19:40|22:00|||民乐园，西苑小区，西苑东口，水漫桥，沈场市场，合群新村，合群桥，黄河新村，北关游泳池，庆云桥，金地商都，中央百大，中山饭店，中医院，云龙山，云龙山隧道，泉山医院，滨湖公园北门，体育中心，纺南小区，湖滨路口，段庄广场，矿山加油站（矿山路），矿山加油站，民安园，西苑东口，西苑小区，民乐园
39|矿大南湖校区|西苑人家|6:10|19:20|6:20|19:20|茶棚,金山村,金泰小区,市财校,泰山西坡,文化城,康居小区,康居小区东,凤鸣路,市四院,和平路,戏马台,中国人寿,供销大厦,金地商都,夹河街东口,第一中学,夹河街西口,黄河新村,合群桥,合群新村,沈场市场,水漫桥,西苑东口,西苑小区,民馨园
46西行|郭庄路停保场（环线）|郭庄路停保场（环线）|6:00|18:50|||"郭庄路停保场，树人中学云龙校区，四季雅园,康馨园,绿地世纪城,绿地世纪城西,民祥园农贸市场,黄山新村东,黄山小学,黄山新村（路北，单）,黄山市场,黄山干休所（路东，单），九七医院,王杰部队,天桥东,宣武市场（路东，单）,百惠家美时,公园巷小学,青年路小学,彭城饭店（银座）,兴隆国际大酒店，民主路小学,爱牙医院,市三院,烟厂,四道街,大庆路（路南，单）,响山,响山路东,培训中心,铜山路口（路西，单）,黄山市场,黄山小学,黄山新村东,民祥园农贸市场,绿地世纪城西,绿地世纪城,康馨园，四季雅园，树人中学云龙校区，郭庄路停保场   
"
46北行|郭庄路停保场（环线）|郭庄路停保场（环线）|6:00|18:50|||郭庄路停保场，树人中学云龙校区，四季雅园,康馨园,绿地世纪城,绿地世纪城西,民祥园农贸市场,黄山新村东,黄山小学,黄山新村（路北，单）,黄山市场,黄山干休所（路东，单）,铜山路口（路东，单）,培训中心,响山路东,响山，地下道（路北，单）,四道街,烟厂,市三院,爱牙医院,民主路小学,兴隆国际大酒店,彭城饭店（银座）,青年路小学,公园巷小学,百惠家美时,徐州站（老火车站蓝天，青年路，路北 单）,天桥东,王杰站,九七医院,铜山路口,黄山市场,黄山小学,黄山新村东,民祥园农贸市场,绿地世纪城西,绿地世纪城,康馨园，四季雅园，树人中学云龙校区，郭庄路停保场
46路夜班|郭庄路停保场（环线）|郭庄路停保场（环线）|19:00|21:30|||郭庄路停保场，树人中学云龙校区，四季雅园，康馨园，绿地世纪城，绿地世纪城西，民祥园农贸市场，黄山新村东，黄山小学，黄山新村（路北，单），黄山市场，铜山路口（路西，单），九七医院，王杰部队，天桥东，宣武市场（单），徐州站（青年路口）（单），百惠家美时，公园巷小学，青年路小学，中央百大（路东，单），彭城饭店（银座）
47|万寨村|矿大南湖校区|6:00|18:20|6:45|19:15|琵琶村北 ,琵琶村南, 彭场,金地五金城,德客乐家居广场,殷庄社区,苹果汇邻湾,奔腾大道东口,祥和四季花园,华厦水云间,华厦集团,马场村,鼓楼区政府,后勤学院,北路口，金地商都（路东，单），市一院（路西，单）,中央百大,市交通银行,中山饭店,中医院,云龙山,滨湖公园东门,云龙山索道,金山公园,金山村,茶棚 
48|鼓楼生态园（环线）|鼓楼生态园（环线）|5:50|22:00|||金马路路口,荆南小区 ,华厦集团,马场村（中山路）,鼓楼区政府,后勤学院,北路口,金地商都,供销大厦,万虹桥电子市场（文化宫）,徐州站（朝阳）,四道街,新建北村,二环北路,王场新村东门,王场新村,祥和路东,祥和小区, 马场村（祥和路）,华厦集团,荆南小区,金马路路口
49|绿地世纪城|公交修造厂|6:00|19:30|6:00|19:30|民富园，民富园西门，三环路口，楚王陵，强华骨科医院，骆驼山桥，徐医附三院，妇幼保健院，师大北门，云龙公园南门，银湖小区东，泉山医院，滨湖公园北门，体育中心，纺南小区，湖滨路口，湖滨新村，段南新村
51|徐州站|国基城邦|6:00|19:30|6:00|19:30|万虹桥电子市场（文化宫）,公园巷小学,中国人寿,戏马台,和平路,市四院,纪念塔,奎园西门,侯山窝,大学城,泰山汇景花园,孟庄公寓,营房东门,营房西门,市财校,金泰小区,金山村,茶棚 ,张伯英艺术馆,矿大南湖校区，科教聚集区
52|民馨园|绿地世纪城|6:00|19:20|6:00|19:20|西苑小区,西苑东口,水漫桥,沈场市场,合群新村,合群桥,黄河新村,夹河街西口,第一中学,夹河街东口,牌楼,兴隆国际大酒店,万虹桥电子市场（文化宫）,青年路口,宣武市场（黄河西路）,天桥东,王杰部队,九七医院,铜山路口（路西，单）,黄山干休所（路东，单）,金狮小区,民富园路口（路东，单）,三环路口,民富园西门，民富园
53|火车西站|风华园|6:30|18:00|6:30|18:00|西阁街,徐州监狱,事业小区,市二院西门,工商局,电视塔,云龙公园西门,云龙公园南门,云龙山,彭园西门,泉山检察院,文化城,泰山西坡,营房西门,金泰小区,金山花园,森林公园东门,碧水湾小区,泉山美墅东门
55|陶楼公交首末站|滨湖公园东门|6:00|18:20|6:40|19:05|筑路公司,碧螺山庄农贸市场,今日彩印,东环办事处,基桩公司,二十四中,杨庄,杨庄农贸市场,广山路北口,二九宿舍,下淀瑞博医院,白云山 ,二七宿舍,地下道 ,四道街,徐州站(朝阳),徐州站(蓝天)(单),百惠家美时, 公园巷小学, 青年路小学,市交通银行,中山饭店,海云大厦,云龙公园北门,电视塔 ,云龙公园西门,银湖小区东,云龙山隧道 
55路夜班|陶楼公交首末站|滨湖公园东门|18:20|21:20|19:15|22:00|筑路公司，碧螺山庄农贸市场，今日彩印，东环办事处，基桩公司，二十四中，杨庄，杨庄农贸市场，广山路北口，二九宿舍，下淀瑞博医院，白云山，二七宿舍，地下道，四道街，烟厂，市三院，爱牙医院，民主路小学，牌楼，金地商都，市一院，中央百大，市交通银行，中山饭店，海云大厦，云龙公园北门，电视塔，云龙公园西门，银湖小区东，云龙山隧道
57|奔腾公交首末站|湖滨二小|6:00|21:00|6:20|21:40|滨河花园,金马路路口,荆南小区,华厦集团 ,马场村,鼓楼区政府,后勤学院,北路口,金地商都,浦发银行,市二院,工人医院口腔医院,矿务局南,大福源超市,矿总医院,新吴庄,体育中心,金府家园,滨湖花园
59|开元四季（环线）|开元四季（环线）|6:10|19:40|||"开元路东口,王窑,三环西路环岛,淮西客运站,市中级法院,公交修造厂,徐医附院西院,段南新村,段庄,矿务局华美商厦,工人医院,市二院西门,永安广场,工院永安校区,大福源超市,建国路西口,湖滨路口,湖滨新村,湖滨一小,滨湖花园,韩山村南,开元名都,水上运动中心,南湖花园小区,杏山花园,开元路东口
"
62|汉泉山庄|新建北村|6:20|18:10|7:10|18:50|檀香山,泉山营房,建筑学院西门,森林公园东门,金山花园,金泰小区,泰山西坡,文化城,康居小区,康居小区东,凤鸣路,市四院,和平路,戏马台,中国人寿,公园巷小学,百惠家美时,徐州站（朝阳）,四道街
63|铜山新区总站|彭城饭店（银座）|6:00|19:10|6:36|19:48|久隆凤凰城北门,保利迎宾馆,久隆凤凰城西门,凤凰花园,周窝,桥上,加州玫瑰园,国基城邦,科教集聚区,矿大南湖校区东门,张伯英艺术馆,茶棚,金山村,金山公园,云龙山索道,滨湖公园东门,云龙山,中医院,中山饭店,彭城饭店（银座）,中央百大（路东，单）
64|民馨园|淮海文博园（食品城）|6:10|19:40|5:50|19:15|西苑小区,西苑东口,民安园,矿山加油站,矿山加油站（矿山路）,段庄广场,建国路西口,大福源超市,工院永安校区,灯塔农贸市场,血液中心,云龙公园南门,师大北门,和平路,市四院,纪念塔,奎园西门,侯山窝,矿业大学,翟山,矿大南门,工程学院,工院新校,御景湾小区
65|"生物工程学院
（矿山路）"|郭庄路停保场|6:10|22:00|6:00|22:00|奎山散热器公司,徐医附院华丰分院,出入境办理中心,矿山加油站,段庄广场,段庄,矿务局华美商厦 ,工人医院口腔医院 ,市二院, 浦发银行,中央百大,中国人寿北,中国人寿,戏马台,和平路,市四院, 纪念塔,奎园北门, 汉桥,铁五小,骆驼山桥 ,强华骨科医院,楚王陵,三环路口,民富园西门,民富园，民祥园,绿地世纪城,庆丰路，金洋紫金东郡，云苑路
65|"生物工程学院
（新淮海西路）"|郭庄路停保场|6:10|22:00|6:00|22:00|雁山路，二轻路，万科淮海天地，段庄,矿务局华美商厦 ,工人医院口腔医院 ,市二院, 浦发银行,中央百大,中国人寿北,中国人寿,戏马台,和平路,市四院, 纪念塔,奎园北门, 汉桥,铁五小,骆驼山桥 ,强华骨科医院,楚王陵,三环路口,民富园西门,民富园，民祥园,绿地世纪城,庆丰路，金洋紫金东郡，云苑路
66|淮西客运站|汽车南站|5:50|18:50|6:32|19:40|市中级法院,公交修造厂,段南新村,市六院,段庄,煤建西路,矿务局南,永安广场,市二院南（财苑小区）,解放桥,中国人寿北,宣武市场,宣武市场南门,和平桥,积水坝,淮塔东路,农副产品市场,陶瓷市场
67|淮西客运站|碧螺山庄东门|5:50|19:00|6:10|19:40|市中级法院,公交修造厂,段南新村,段庄,矿务局华美商厦,儿童医院,合群新村,合群桥,黄河新村,夹河街西口,第一中学,牌楼,民主路小学,爱牙医院,堤北,堤北市场,下淀桥西,下淀瑞博医院,二九宿舍,广山北路口,杨庄农贸市场，杨庄，二十四中,基桩公司,东环办事处,招呼站
68|徐州乐园|徐州站|5:50|20:00|6:40|21:00|"珠山,南湖花园,水上运动中心,开元名都,韩山村南,湖滨市场,湖滨一小,湖滨新村,湖滨路口,建国路西口,大福源超市,工院永安校区,永安广场,市二院南（财苑小区）,解放桥,中国人寿北,宣武市场
"
69|民馨园|风华园|5:50|18:50|6:20|19:10|西苑小区,西苑东口,华润小区,工院黄河校区,沈场,畔苑小区,苏堤北路口,畔苑小区北,永业花园小区,徐州监狱,西阁街,北路口,金地商都,中央百大,中山饭店,中医院,云龙山,彭园西门,泉山检察院,文化城,泰山西坡,营房西门,营房东门,孟庄公寓,泰山汇景花园,大学城,矿业大学
69路夜班|民馨园|风华园|19:00|21:30|19:20|21:30|西苑小区，西苑东口，华润小区，工院黄河校区，沈场，畔苑小区，苏堤北路口，畔苑小区北，永业花园小区，徐州监狱，事业小区，夹河街西口，第一中学，夹河街东口，金地商都，中央百大，中山饭店，中医院，云龙山，彭园西门，泉山检察院，文化城，泰山西坡，营房西门，营房东门，孟庄公寓，泰山汇景花园，大学城，矿业大学
70|淮西客运站|徐州东站|6:00|18:30|6:10|19:00|市中级法院，公交修造厂，段南新村，湖滨新村，湖滨路口，纺南小区北门，矿总医院，吴庄花园，血液中心，云龙湖旅游风景区（云龙公园南门），师大北门，妇幼保健院，金狮小区，民富园北门，云龙万达广场，云龙区政府西，香榭兰庭，东方人民医院，医学院，宗申产业园，君庭湖畔，科技大厦，东区公交首末站，徐州东站北
71|奔腾公交首末站|阳光花园|5:45|18:50|6:30|19:20|祥和四季花园，华厦水云间，华厦集团，马场村，鼓楼区政府，港南小区（二环路），建材中专，地质五队宿舍，堤北，市三院，烟厂，徐州站（朝阳），徐州站（蓝天），天桥，上海路局徐州办事处，徐医附三院，骆驼山桥，强华骨科医院，楚王陵，君悦园（单），阳光花园（单），狮子山小区（单），民祥园（单），民富园（单），民富园西门（单），三环路口（单）
72|铜山新区总站|徐州东站|6:00|18:50|5:55|19:10|铜山区政府,康乐园,铜山中医院,新区国税局,新区邮电局,师范学校,师大新校,文沃市场,风华南苑,风华园,矿业大学,侯山窝,奎园西门,奎园北门,农副产品市场,陶瓷市场,汽车南站,汽车南站东门,汽配城,机场路口,郭庄路口,三环路口,民富园西门,民富园,铁路民祥园，绿地世纪城西,万达广场，云龙区政府,和平路东口,翠屏山办事处,振兴大道路口
74|公交修造厂|淮东家具城|5:50|18:50|6:25|19:20|湖滨新村西，段南新村，小康人家，矿山加油站，民安园，水漫桥，沈场市场，合群新村，合群桥，黄河新村，北关游泳池，庆云桥，北路口，后勤学院，港南小区，建材中专，地质五队宿舍，堤北农贸市场，电力医院，王场新村北门，王场新村，钟山机动车检测中心，八里屯
75|纺南小区西门|新建北村|6:00|19:00|6:20|19:30|纺南小区北门（路东，单），翠湖御景（路西，单），体育中心（路北，单）,矿总医院,吴庄花园,吴庄小区,泉山医院，银湖小区东,云龙公园南门,中医院,中山饭店,中央百大,万虹桥电子市场（文化宫）,徐州站（朝阳）,四道街 
76|公交修造厂|圆梦花园|5:50|21:00|6:20|21:00|子房山,子房小区,地下道,,四道街,烟厂,市三院,爱牙医院,民主路小学,牌楼,金地商都,浦发银行,市二院,市二院西门,永安广场,工院永安校区,大福源超市,建国路西口,湖滨路口,湖滨新村,段南新村 
82|西苑西口|居乐园|6:10|19:00|6:10|19:00|民乐园,西苑小区,民和园,出入境办理中心,小康人家,段南新村,湖滨新村,湖滨路口,纺南小区北门,矿总医院,吴庄花园,血液中心,银湖小区东,云龙山隧道,彭园西门,泉山检察院,文化城,泰山西坡,营房西门,金泰小区,金山花园,森林公园东门,招呼站，建筑学院西门,泉山营房,黄河路口,海宁皮草城,铜山区政府,铜山教育局,康乐园,铜山中医院（路北，单）,新区国税局（路北,单）,公寓南门（路南，单）
90|徐州东站|惠民小区|7:00|18:00|7:00|18:00|美的城,科技大厦南门，徐州奥体中心，中心医院，人才家园小区（单），元和路，行政中心西门，吉田广场，报业传媒集团，雍景新城，楚韵路口，惠民小区
91|工程学院|彭城饭店（银座）|6:10|21:10|6:55|21:40|市民广场,行政中心西门,秦郡路,大龙湖,彭祖大道,拖龙山公园,淮海食品城,迎宾大道（路南，单），淮海文博园（食品城）,汽车南站,陶瓷市场,农副产品市场，淮塔东路,积水坝,和平桥,宣武市场南门,宣武市场,民主南路,公园巷小学,青年路小学
92|人才家园公交首末站|徐州站|5:50|18:10|6:30|18:50|明正路，元和路，行政中心，秦郡路，大龙湖，彭祖大道，拖龙山公园，淮海食品城，迎宾大道（路南，单），淮海文博园（食品城），汽车南站东门，汽配城，机场路口，楚王陵，强华骨科医院，骆驼山桥，徐医附三院，上海路局徐州办事处，天桥
93|人才家园公交首末站|徐工科技|6:00|18:00|6:30|18:30|明正路,元和路,行政中心,秦郡路,大龙湖,彭祖大道,拖龙山公园,淮海食品城,迎宾大道（路南，单），淮海文博园（食品城）,汽车南站东门,汽配城,机场路口,郭庄路口,三环路口,民富园西门,民富园,铁路民祥园,绿地世纪城西,民祥园农贸市场,黄山新村东,东甸子,东方人民医院,医学院,宗申产业园,城置国际花园城,蟠桃花园二村,蟠桃花园,金山桥公交停车场,碧螺山庄东门,金山桥大厦东,招呼站
95|工程学院|铜山区政府|6:20|18:00|6:50|18:40|工程学院,市民广场,行政中心西门,秦郡路,大龙湖,彭祖大道,拖龙山公园,淮海食品城,迎宾大道（路南，单）,御景湾小区,工院新校，工程学院（三环南路）,矿大南门,翟山,翟山市场,铜山中学,建筑学院（上海路口），师大新校,新区邮电局（上海路）,铜山中医院,康乐园,铜山教育局（路北，单）,铜山区行政服务中心,铜山区政府
96|刘湾|东区公交首末站|6:30|18:00|7:10|18:40|刘湾村南,金山桥大市场,三利铝业,长江生物公司,公交首末站,装载机厂, 徐工科技,招呼站,金山桥大厦东（招呼站）,桃园,仁慈医院,蟠桃五村,蟠桃二期,城置国际花园城,君廷湖畔,科技大厦
97|工程学院|中山堂|6:30|18:00|7:00|19:10|工程学院南门，南刘庄，茶庵小区，茶庵小区A区，碧桂园，撷秀中学，雍景新城，国信龙湖世家，市行政服务中心，绿地商务城，市中心医院（新城区分院），徐州奥体中心，绿地工润和平壹号，五期经适房，金洋紫金东郡，云龙万达广场，绿地世纪城西，绿地世纪城，康馨园，阳光花园，君悦园，楚王陵，强华骨科医院，骆驼山桥，徐医附三院，袁桥，恩华大厦，民主南路，文化宫，第三中学（单），创意68产业园（单）
105|新台子|宣武市场|6:00|19:00|6:30|19:00|"李沃,李沃医院,铝厂,金马路路口,荆南小区,华厦集团,马场村,鼓楼区政府,后勤学院,北路口,市一院,中央百大,市交通银行,中国人寿北,中国人寿（路东，单），戏马台（路东，单），妇幼保健院（路北，单），恩华大厦（路西，单）,宣武市场（丰储街，路西，单） 
"
112|徐州东站|鼓楼生态园|6:00|19:00|6:30|19:30|徐州东站北, 金色年华（单），科技大厦 , 君廷湖畔,城置国际花园城 , 蟠桃花园二村,蟠桃花园,旺旺家园（招呼站）, 仁慈医院,桃园小区,金山桥大厦东（招呼站）,金山桥大厦（招呼站）,鼓楼法院，基桩公司 , 二十四中, 杨庄, 杨庄农贸市场,广山路北口,二九宿舍 ,下淀瑞博医院,下淀桥西,堤北市场,地质五队宿舍,建材中专,港南小区, 鼓楼区政府,马场村 ,华夏集团,奔腾大道路口 
118|徐州站|刘庄|7:45|18:00|6:10|16:50|宣武市场,宣武市场南门,和平桥（北）,妇幼保健院,和平路,市四院,纪念塔，奎园北门,农副产品市场,陶瓷市场,汽车南站,技工学校,淮海文博园（食品城）,两山口,建材市场,沟北头,火神庙,沟杨庄,冯庄,宋桥,棠张,棠张实验小学,五岔路口西,跃进小学,前进,郎庄,刘塘,陶楼,前韩,官庄,刘庄
10快|徐州东站|文化宫|8:30|18:00|8:30|18:00|文化宫，徐州站（蓝天），九七医院，东甸子，宗申产业园
11附|居乐园|徐州站|6:10|21:20|6:53|22:00|铜山中医院（路西，单）,新区国税局（路西，单）,公寓南门（路南，单）,师大公寓（路南，单），新区邮电局，师范学校,师大新校,文沃市场,风华南苑,风华园,矿业大学,侯山窝,奎园西门,纪念塔,市四院,和平路,师大北门,中医院,中山饭店,中央百大,供销大厦,万虹桥电子市场（文化宫）
13附|徐州站|丁楼|6:40|19:00|6:00|19:00|煤建三处,煤建五处,汉城小区,九里医院（苏山头）,格瑞实业公司,铜山货场,西苑西口,民乐园,西苑小区,民和园，出入境办理中心，矿山加油站，工程机械厂，矿务局华美商厦,工人医院口腔医院,市二院,浦发银行
118附|徐州站|马兰|6:00|18:20|5:50|17:40|宣武市场,宣武市场南门,和平桥（北）,妇幼保健院,和平路,市四院,纪念塔，奎园北门,农副产品市场,陶瓷市场,汽车南站,技工学校,淮海文博园（食品城）,两山口,建材市场,沟北头,火神庙,沟杨庄,冯庄,宋桥,棠张,缫丝厂,双井,牌坊 
游1|矿大南湖校区|奔腾公交首末站|6:00|19:20|6:20|19:20|泉山公园,泉山法院,双山,风华园,矿业大学,侯山窝,奎园西门,纪念塔,市四院,和平路,戏马台,中国人寿,中山堂,民主路小学,爱牙医院（市三院）,堤北,堤北农贸市场,电力医院,轻工路口,奔腾大道东口（路北，单）,奔腾公交首末站（路东，单）,苹果汇邻湾（路西，单）
游2北行|建筑学院（环线）|建筑学院（环线）|6:00|19:00|||铜山中学，翟山市场，翟山，矿业大学，侯山窝，奎园西门，纪念塔，市四院，和平路，妇幼保健院，袁桥，恩华大厦，民主南路，文化宫，第三中学，创意68产业园，牌楼，夹河街东口，第一中学，夹河街西口，市二院西门，工商局，电视塔，云龙公园西门，银湖小区东，云龙山隧道，滨湖公园东门，云龙山索道，金山公园，金泰小区，市财校，营房西门，营房东门，孟庄公寓，泰山汇景花园，大学城，矿业大学，风华园，风华南苑，文沃市场，建筑学院
游2西行|建筑学院（环线）|建筑学院（环线）|6:00|19:00|西行||文沃市场，风华南苑，风华园，矿业大学，大学城，泰山汇景花园，孟庄公寓，营房东门，营房西门，市财校，金泰小区，金山公园，云龙山索道，滨湖公园东门，云龙山隧道，银湖小区东，云龙公园西门，电视塔，工商局，市二院西门，夹河街西口，第一中学，夹河街洞口，牌楼，创意68产业园，第三中学，文化宫，民主南路，恩华大厦，袁桥，妇幼保健院，和平路，市四院，纪念塔，奎园西门，侯山窝，矿业大学，翟山，翟山市场，铜山中学
游3|彭城饭店（银座）|徐州乐园|6:50|18:30|7:40|18:50|"珠山,钓鱼岛,天师广场,观鱼沉水廊道,南湖水街,金山公园,云龙山索道,滨湖公园东门,云龙山,中医院,中山饭店，中央百大（单）
"
专1|徐州站|汽车南站|6:00|18:30|6:20|19:00|徐州站（蓝天）,天桥,上海路局徐州办事处,徐医附三院,汉桥,农副产品市场,陶瓷市场
专2|新一佳淮西店|徐州技师学院|7:00|18:00|7:22|18:30|段庄,段庄广场，水漫桥,西苑小区,民乐园，黄河北路口，西城汽车市场，黄河建材家居城
201|鼓楼生态园|火车西站|6:30|18:00|7:00|18:40|滨河花园，苹果汇邻湾，轻工路口，电力医院，堤北农贸市场，堤北市场，新建北村，四道街，烟厂，市三院，坝子街
206|奥体中心|奥体中心|6:30|21:00|6:30|21:00|新元公寓，大韩，未来城，美的广场，汉源国际丽城，万福世家，工程学院，月桥花院，华顿国际学校，潇湘路，碧桂园，经十路小学，国信上城，楚韵路，惠民四路（单），潘塘医院（单），金桥超市（单），惠民农贸市场南门（单），塘坊小区（单），惠民四路路口（单），楚韵路口，国信上城，经十路小学，碧桂园，潇湘路，华顿国际学校，月桥花院，工程学院，万福世家，汉源国际丽城，美的广场，未来城，大韩，新元公寓
207|人才家园公交首末站|徐州医学院|7:00|17:30|7:30|18:30|明正路，元和路，市行政中心，行政中心西门，市行政中心，元和路，明正路，林果场，马庄，管庄大沟，前坝，芦庄，绿地高铁新城，徐工人才家园，广度医药，布兰肯，银地，欧蓓莎，徐州东站北，金色年华，科技大厦，君庭湖畔，宗申产业园
208|陶楼首末站|大黄山实验小学|7:00|17:30|7:30|18:30|今日彩印（单），徐工科技（单），筑路公司（单），陶楼首末站，徐工集团总部，徐工基础，新迈机械，巴特，光环传动轴，再生能源，金山桥热电厂，保利协鑫，九州物流，大黄山镇政府，大黄山信用社
209|碧螺山庄东门|大黄山森林公园|7:00|17:30|7:30|18:30|碧螺山庄东门，金山桥大厦东，金山桥大厦，招呼站，东环办事处，淮海蔬菜市场（单），荆山路口，螺山路口，稼悦小区，刘湾，刘湾水厂，火花钢构，统一集团，舟桥连，诺吉物流，星丰金属，江苏精工，宝通物流
77|新一佳淮西店|雨润物流园|7:00|17:10|7:50|18:00|段庄，段庄广场，矿山加油站，出入境办理中心，徐医附院华丰分院，奎山散热器公司，生物工程学院北门，火花农贸市场，雨润新城，雨润物流园
99|公交修造厂|国信龙湖世家北门|6:50|17:30|7:10|18:00|市中级法院，淮西客运站，开元四季，杏山花园，徐州乐园，矿大南湖校区，泉山公园，泉山法院，双山，风华园，翟山，矿大南门，工程学院，御景湾小区，迎宾大道，淮海食品城，拖龙山公园，彭祖大道，大龙湖，秦郡路，行政中心，市行政服务中心
|||||||
3|徐州站|徐州东站|6:30|19:40|6:30|19:40|徐州站（朝阳）（单向），四道街，地下道，二七宿舍，白云山，下淀瑞博医院，二九宿舍，广山路北口，杨庄农贸市场，杨庄，二十四中，基桩公司，东环办事处，今日彩印，省经贸学校，石桥，金山桥公交停车场，杨山路公交首末站，蟠桃花园，万豪绿城，西贺农贸市场，晓山社区，金山桥实验学校，东贺居委会，徐州东站（高铁站）北
3附|徐州站|宝莲寺|6:10|19:40|5:40|19:00|徐州站(朝阳)（单向），四道街，地下道，二七宿舍，白云山，下淀瑞博医院，二九宿舍，广山路北口，杨庄农贸市场，杨庄，二十四中，基桩公司，鼓楼法院，金山桥大厦，金山桥大厦东，桃园小区，仁慈医院，旺旺家园，金山桥停车场
|徐州站|万豪绿城（夜班）|19:40|22:00|20:20|21:30|徐州站(朝阳)（单向），四道街，地下道，二七宿舍，白云山，下淀瑞博医院，二九宿舍，广山路北口，杨庄农贸市场，杨庄，二十四中，基桩公司，鼓楼法院，金山桥大厦，东环办事处，今日彩印，省经贸学校，石桥，教育集团，桃园小区，仁慈医院，旺旺家园，杨山路公交首末站，蟠桃花园，青岛啤酒厂，西贺农贸市场
50|徐州站|绿地世纪城|5:40|21:40|5;50|22:00|青年路口，宣武市场，天桥东，王杰部队，九七医院，铜山路口（单向），黄山干休所，金狮小区，民富园路口，三环路口，民富园西门，民富园，铁路民祥园
73|大福源超市|杨山路公交首末站|6:20|20:20|5;40|19:40|工院永安校（教育学院），永安广场，市二院南（财苑小区），中央百大，供销大厦，兴隆国际大酒店，民主路小学，爱牙医院，市三院，烟厂，四道街，新建北村，下淀桥西，下淀瑞博医院，二九宿舍，广山路北口，杨庄农贸市场，杨庄，二十四中，基桩公司，鼓楼法院，金山桥大厦，东环办事处，今日彩印，省经贸学校，石桥，教育集团，桃园小区，仁慈医院，旺旺家园
601（南行）|徐州站|徐州站（环行）|6:30|19:00|6:30|19:00|徐州站（蓝天），天桥，上海路局徐州办事处，徐医附三院，铁五小（招呼站），汉桥，奎园北门，纪念塔，凤凰山庄，康居小区，泉山检察院，彭园西门，隧道西口，泉山医院，滨湖公园北门，体育中心，纺南小区，湖滨路口，建国路西口，大福源超市，矿务局，儿童医院，合群新村（苏堤路），畔园小区，苏堤北路口（招呼站），永业小区，江苏四监，铜沛路东口，北路口（南行单向），后勤学院，港南小区，建材中专，地质宿舍，堤北市场，新建北村，四道街
602|红星家具城|淮海文博园（食品城）|5:50|19:00|6:25|19:40|淮东家具城，八里屯，钟山机动车检测中心，王场新村，二环路口，新建北村，四道街，徐州站（朝阳），徐州站（蓝天），天桥，上海路局徐州办事处，徐医附三院，汉桥，农副产品市场，陶瓷市场，汽车南站
603|西苑人家|淮海文博园（食品城）|6:00|19:00|6:20|19:40|民馨园，西苑小区，西苑东口，民安园，矿山加油站（江北修理厂），矿山路加油站（单向），段庄广场，段庄，煤建西路，矿务局，永安广场，工商局（单向），电视塔，云龙公园西门，云龙公园南门，云龙山，彭园西门，泉山检察院，康居小区，凤鸣路（凤凰山庄），纪念塔，奎园北门，农副产品市场，陶瓷市场，汽车南站
604|西苑人家|风华园|6:00|18:30|6:30|18:30|,民馨园，西苑小区，西苑东口，水漫桥，沈场市场，合群新村，合群新村（苏堤路），儿童医院，工人医院，市二院西门，市二院南（财苑小区），解放桥，中山饭店，中医院，云龙山，彭园西门，泉山检察院，康居小区，凤鸣路（凤凰山庄），纪念塔，奎园西门，侯山窝，矿业大学
605|万科城|郭庄路停保场|6:00|19:30|6:15|19:30|煤建四处东院，马场湖，绿健乳业，二十六中学，马场村，祥和小区，祥和东口，电力医院，堤北农贸市场，堤北，爱牙医院，民主路小学，创意68产业园，第三中学，文化宫，民主南路，恩华大厦，袁桥，徐医附三院，骆驼山桥，强华骨科医院，楚王陵，郭庄路口（单向），民富园路口（单向），三环路口，民富园西门，民富园，铁路民祥园，绿地世纪城，康馨园东，四季雅苑，树人中学云龙校区
606|徐州医学院|韩山公交首末站|6:00|19:00|6:00|19:00|东甸子，东方人民医院，城建家园，小坝山，九七医院，王杰部队，天桥东，天桥，上海路局徐州办事处，妇幼保健院，师大北门，中医院，海云大厦，云龙公园北门，余窑，工院永安校区（教育学院），大福源超市，建国路西口，湖滨路口，纺南小区，金府家园，湖滨市场
607|淮东家具城|韩山公交首末站|6:30|19:00|6:30|19:00|八八里屯，钟山机动车检测中心，王场新村东门，二环路口，新建北村，四道街，烟厂，市三院，爱牙医院，民主路小学，兴隆国际大酒店，青年路小学，市交通银行，解放桥，市二院南（财苑小区），工商局，电视塔，吴庄花园，矿总医院，新吴庄，体育中心，金府家园，湖滨市场
607附|淮东家具城|金驹物流园|7:30|18:00|8:00|18:20|殷庄社区，德客乐家具广场，金地五金城
608|西苑|徐州医学院|5:30|22:00|6:00|22:00|民乐园，西苑小区，西苑东口，水漫桥，沈场市场，合群新村，合群桥，黄河新村，事业小区，市二院，浦发银行古彭大厦，中央百大，市交通银行，中山饭店，中医院，师大北门，妇幼保健院，徐医附三院，骆驼山桥，强华骨科医院，楚王陵，君悦园，阳光花园，康馨园，绿地世纪城，绿地世纪城西门，民祥园农贸市场，黄山新村东，东甸子，东方人民医院
609|红星家具城|风华园|6:00|19:00|6:30|19:00|淮东家具城，八里屯，钟山机动车检测中心，王场新村，轻工路口，电力医院，堤北农贸市场，堤北，爱牙医院，民主路小学，创意68产业园，第三中学，文化宫（万虹桥电子市场），青年路口，宣武市场，宣武市场南门，和平桥，妇幼保健院，和平路，四院，凤鸣路（凤凰山庄），康居小区，文化城，泰山西坡，营房西门，金泰小区，金山花园，泉山法院，泉山美墅
610|金山桥|韩山公交首末站|6:00|20:00|6;00|20:00|装载机厂，筑路公司，碧螺山庄农贸市场，今日彩印，东环办事处，基桩公司，二十四中，杨庄，杨庄农贸市场，广山路北口，二九宿舍，下淀瑞博医院，白云山，二七宿舍，地下道，四道街，烟厂，市三院，坝子街，火车西站，北路口，夹河街东口，第一中学，夹河街西口，市二院西门，永安广场，工院永安校区（教育学院），大福源超市，建国路西口，湖滨路口，纺南小区，金府家园，湖滨市场
611|御景湾|古彭广场|6:30|19:30|6:30|19:00|淮海文博园（食品城），汽车南站东门，汽配城，机场路口，楚王陵，强华骨科医院，骆驼山桥，徐医附三院，妇幼保健院，戏马台，中国人寿，供销大厦（单向），彭城饭店（银座），中国人寿北（单向）
612|万科城|郭庄路停保场|6:00|19:30|6:30|19:30|煤建四处东院，怡康花园，九龙湖公园，后勤学院，北路口，金地商都，供销大厦，中国人寿，戏马台，妇幼保健院，金狮小区，民富园北门，民祥园，铁路民祥园，绿地世纪城，庆丰路，金洋紫金东郡，云苑路
